ts_code,trade_date,open,high,low,close,pre_close,change,pct_chg,vol,amount,RSI,DIF,DEA,MACD,BOLL_MID,BOLL_UP,BOLL_LOW,RSV,K,D,J
601869.SH,2025-07-04,39.27,39.47,38.03,38.15,39.39,-1.24,-3.148,79203.55,304050.34,,0.0,0.0,0.0,,,,,,,
601869.SH,2025-07-07,37.5,38.3,37.31,37.59,38.15,-0.56,-1.4679,42129.0,158415.841,,-0.04467236467236546,-0.008934472934473093,-0.07147578347578473,,,,,,,
601869.SH,2025-07-08,37.59,39.8,37.4,39.36,37.59,1.77,4.7087,77216.0,299887.581,,0.06203358738971332,0.005259139130364189,0.11354889651869826,,,,,,,
601869.SH,2025-07-09,39.3,39.3,38.52,38.66,39.36,-0.7,-1.7785,40441.25,157271.758,,0.08908772547378874,0.022024856399049098,0.13412573814947928,,,,,,,
601869.SH,2025-07-10,38.66,40.0,38.44,39.04,38.66,0.38,0.9829,72866.19,285937.235,,0.1395821330841116,0.045536311736061603,0.18809164269610001,,,,,,,
601869.SH,2025-07-11,39.0,39.72,38.6,38.61,39.04,-0.43,-1.1014,51530.03,200781.838,,0.14325060476645746,0.06507917034214078,0.15634286884863335,,,,,,,
601869.SH,2025-07-14,38.5,40.06,38.37,39.35,38.61,0.74,1.9166,66815.11,264031.582,,0.20352361699887211,0.09276805967348706,0.2215111146507701,,,,,,,
601869.SH,2025-07-15,39.25,40.17,38.94,39.41,39.35,0.06,0.1525,72611.0,287810.777,,0.2532130298077675,0.12485705370034314,0.2567119522148487,,,,,,,
601869.SH,2025-07-16,39.55,40.89,39.21,39.4,39.41,-0.01,-0.0254,93531.0,374019.641,,0.2884601420676418,0.15757767137380288,0.26176494138767786,,,,58.37988826815636,,,
601869.SH,2025-07-17,38.52,43.34,38.52,43.34,39.4,3.94,10.0,120242.61,498531.825,,0.6270901001963978,0.2514801571383219,0.7512198861161518,,,,100.0,,,
601869.SH,2025-07-18,43.4,44.77,42.38,42.47,43.34,-0.87,-2.0074,174933.66,759286.859,,0.8158504366198258,0.3643542130346227,0.9029924471704063,,,,68.79240162822249,,,
601869.SH,2025-07-21,41.88,43.41,41.8,41.96,42.47,-0.51,-1.2008,126142.1,535213.442,,0.9137583875314021,0.47423504793397864,0.879046679194847,,,,56.09375000000001,,,
601869.SH,2025-07-22,41.81,43.66,41.36,41.43,41.96,-0.53,-1.2631,108499.01,457078.719,,0.9377744928036478,0.5669429369079125,0.7416631117914705,,,,47.81249999999999,,,
601869.SH,2025-07-23,41.05,42.22,40.42,41.33,41.43,-0.1,-0.2414,99772.0,412530.949,63.359013035998515,0.9379264329137698,0.641139636109084,0.5935735936093716,,,,46.24999999999997,,,
601869.SH,2025-07-24,41.68,41.85,40.42,40.6,41.33,-0.73,-1.7663,88394.1,361423.888,56.898178803534826,0.8691232357588632,0.6867363560390398,0.36477375943964674,,,,34.84375000000003,,,
601869.SH,2025-07-25,40.21,40.98,40.01,40.31,40.6,-0.29,-0.7143,81180.0,328437.097,54.51973049948995,0.7821791555291355,0.705824915937059,0.1527084791841531,,,,28.639999999999986,,,
601869.SH,2025-07-28,40.85,41.11,40.12,40.4,40.31,0.09,0.2233,89945.96,364402.019,55.146376224901644,0.712326338761919,0.707125200502031,0.010402276519775988,,,,30.079999999999927,37.42842260364634,,
601869.SH,2025-07-29,40.5,44.32,40.22,44.2,40.4,3.8,9.4059,200906.21,850183.684,72.42331711999648,0.9526145724769322,0.7562230748970113,0.3927829951598416,,,,90.88,55.56004514380022,,
601869.SH,2025-07-30,43.29,48.62,43.09,48.62,44.2,4.42,10.0,248256.33,1149942.311,81.39846274700766,1.482611170715451,0.9015006940606993,1.1622209533095034,,,,100.0,70.54662356117404,,
601869.SH,2025-07-31,48.88,53.48,48.88,50.85,48.62,2.23,4.5866,303286.21,1586340.213,84.19358132785197,2.0588465548542914,1.1329698662194179,1.851753377269747,41.254000000000005,48.04663812016945,34.46136187983056,80.47512991833707,73.88183128221503,,
601869.SH,2025-08-01,50.34,52.62,49.01,50.73,50.85,-0.12,-0.236,196666.37,1002556.871,83.46676272097815,2.4772777355345283,1.40183144008244,2.1508925909041765,41.882999999999996,49.71561225497867,34.05038774502132,79.58426132145509,75.79245853966336,,
601869.SH,2025-08-04,49.91,53.0,49.54,51.82,50.73,1.09,2.1486,162969.08,841374.304,84.75420307962794,2.8638289142950057,1.6942309349249534,2.3391959587401048,42.5945,51.3195527973067,33.869447202693294,87.67631774313291,79.76736091879918,,
601869.SH,2025-08-05,53.3,57.0,51.18,57.0,51.82,5.18,9.9961,259518.27,1403521.248,89.09867112761398,3.547265548203697,2.0648378575807023,2.9648553812459895,43.4765,54.16933139107201,32.783668608928,100.0,86.52701067587209,,
601869.SH,2025-08-06,54.49,56.33,52.82,53.08,57.0,-3.92,-6.8772,218185.89,1180213.707,72.30656413185139,3.729590369092797,2.3977883598831213,2.6636040184193517,44.197500000000005,55.4527282588091,32.94227174119091,76.92760447321953,83.3223296774984,,
601869.SH,2025-08-07,52.39,55.97,50.46,53.8,53.08,0.72,1.3564,234361.47,1228668.655,73.30184648699368,3.8873708940732215,2.6957048667211416,2.3833320547041597,44.935500000000005,56.69131464190113,33.17968535809888,81.042654028436,82.56166575160745,80.70168426012674,86.28162873456887
601869.SH,2025-08-08,53.27,56.88,52.61,55.72,53.8,1.92,3.5688,199994.24,1105627.448,75.79957833992204,4.11984998465249,2.9805338903074117,2.278632188690156,45.791000000000004,58.08650178766717,33.49549821233284,92.37187127532776,85.83394841516915,82.44262963477043,92.61658597596656
601869.SH,2025-08-11,55.0,57.75,54.14,54.9,55.72,-0.82,-1.4716,162802.0,903926.484,72.67254671666262,4.189628759497772,3.222352864145484,1.9345517907045764,46.5685,59.11315082058989,34.023849179410114,80.55934515688948,84.07495385896264,82.99310172835364,86.23865812018065
601869.SH,2025-08-12,54.5,57.03,53.72,55.95,54.9,1.05,1.9126,147758.84,819441.634,74.14348869040157,4.2803143664620436,3.433945164608796,1.6927384037064952,47.395500000000006,60.132425969710866,34.658574030289145,79.706877113867,82.618490276923,82.86726134912072,82.12094813252753
601869.SH,2025-08-13,56.09,58.45,55.0,57.23,55.95,1.28,2.2878,205175.12,1162998.246,75.85003559439677,4.404694094237904,3.6280949505346176,1.5531982874065724,48.28699999999999,61.162787313689535,35.41121268631045,87.07627118644062,84.10471521371782,83.28187635838248,85.7503929243885
601869.SH,2025-08-14,57.6,57.68,52.73,52.75,57.23,-4.48,-7.8281,190554.5,1035722.054,60.73971219568038,4.094567737432804,3.721389507914255,0.7463564590370986,48.7575,61.559647640553386,35.955352359446614,36.02693602693602,68.07664655163133,78.1960449715114,47.8378497118712
601869.SH,2025-08-15,53.0,53.78,52.48,53.24,52.75,0.49,0.9289,119683.26,635673.727,61.63983382929994,3.8440178255492228,3.745915171441249,0.19620530821594784,49.296,61.88891095481064,36.70308904518936,34.79349186483105,56.981273005122546,71.1082682562038,28.727282502960037
601869.SH,2025-08-18,53.16,56.81,52.5,55.37,53.24,2.13,4.0008,174643.42,962421.457,65.35792337887726,3.773826096004555,3.7514973563539105,0.04465747930128927,49.966499999999996,62.34089508356715,37.592104916432845,61.45181476846052,58.471542119644305,66.88960355168342,41.63541925556606
601869.SH,2025-08-19,55.5,60.91,55.18,59.23,55.37,3.86,6.9713,229914.41,1346087.827,70.86847388183244,3.9837462384296174,3.797947132769052,0.3715982113211309,50.8565,63.20618957632455,38.50681042367545,83.92344497607655,66.95584573493316,66.9117067132411,67.04412377831727
601869.SH,2025-08-20,57.95,62.0,56.2,61.58,59.23,2.35,3.9676,204781.17,1202844.543,73.61975595793311,4.29027915641587,3.896413537498416,0.7877312378349091,51.86899999999999,64.25049366042555,39.48750633957443,95.58823529411762,76.50022757321575,70.11004445483368,89.2805938099799
601869.SH,2025-08-21,60.02,60.93,55.77,56.39,61.58,-5.19,-8.4281,200349.91,1154787.805,60.116214388639804,4.06753111032058,3.930637052062849,0.27378811651546187,52.65849999999999,63.983037448437045,41.333962551562934,41.0714285714286,64.69042004217116,68.30268769798322,57.46588473054703
601869.SH,2025-08-22,55.24,60.54,55.2,58.98,56.39,2.59,4.593,183206.12,1071944.703,63.69500870384424,4.053269466111217,3.955163534872523,0.19621186247738898,53.592,63.636238149307324,43.54776185069267,68.27731092436973,65.88606436588464,67.49690426511182,62.66438456743026
601869.SH,2025-08-25,64.88,64.88,64.88,64.88,58.98,5.9,10.0034,43115.05,279730.444,70.24495708730811,4.466559978869,4.057442823671819,0.818234310394363,54.815999999999995,64.02284505080185,45.60915494919814,100.0,77.25746519832738,70.75107699151891,90.2702416119443
601869.SH,2025-08-26,71.07,71.07,69.06,71.07,64.61,6.46,9.9985,192513.72,1362113.391,75.28327711426199,5.233251292524031,4.292604517442261,1.881293550163539,56.1595,66.60264627928419,45.71635372071581,100.0,84.83834966725132,75.44746225571706,103.62012449031985
601869.SH,2025-08-27,72.0,78.18,69.95,75.41,71.07,4.34,6.1067,348250.8,2595278.383,78.08514431773524,6.120508005017008,4.658185214957211,2.924645580119595,57.499,70.44328693325852,44.55471306674148,89.22178988326844,86.29950148595411,79.0651310174045,100.76824242305332
601869.SH,2025-08-28,75.41,82.95,75.4,82.95,75.41,7.54,9.9987,60186.21,483633.001,81.91979865216132,7.347384255488521,5.1960250230634735,4.302718464850095,59.104,75.94947654416464,42.25852345583535,100.0,90.86634490909054,82.9991026717736,106.6008293837244
601869.SH,2025-08-29,91.25,91.25,88.01,91.25,82.95,8.3,10.006,188482.68,1716225.605,85.02592454386841,8.886989474456364,5.934217913342052,5.905543122228623,61.129999999999995,82.79275387071458,39.467246129285414,100.0,93.91090131054956,86.63651293388585,108.45967806387699
601869.SH,2025-09-01,92.5,95.8,88.13,91.98,91.25,0.73,0.8,357229.78,3272648.644,85.26568371599565,10.050190264537086,6.757412383581059,6.585555761912055,63.13799999999999,88.32555298283577,37.95044701716421,90.59113300492612,92.80431073539604,88.69249981535974,101.02793257546867
601869.SH,2025-09-02,90.15,95.0,82.78,82.78,91.98,-9.2,-10.0022,278895.42,2446423.57,70.04419839630125,10.11309469819534,7.428548846503915,5.36909170338285,64.42699999999999,90.89789213695522,37.95610786304477,67.93103448275862,84.51321295717692,87.29937967573342,78.94087952006393
601869.SH,2025-09-03,83.2,91.06,81.12,91.06,82.78,8.28,10.0024,216966.3,1922364.193,74.46278594057866,10.707642676723083,8.084367612547748,5.24655012835067,66.326,94.74690364873236,37.90509635126763,88.32512315270937,85.78385027077093,86.79419727962059,83.7631562530716
601869.SH,2025-09-04,97.0,97.0,81.95,86.0,91.06,-5.06,-5.5568,315436.8,2707713.029,67.87392494125197,10.647785478398973,8.597051185717993,4.10146858536196,67.936,97.00986411774062,38.8621358822594,65.75342465753425,79.10703969508032,84.23179137332163,68.8575363385977
601869.SH,2025-09-05,84.0,91.3,84.0,89.85,86.0,3.85,4.4767,320022.76,2832967.106,70.04574800067343,10.786669035513711,9.034974755677137,3.503388559673148,69.6425,99.6876427898614,39.59735721013859,74.40944881889762,77.54117575105644,82.0015745351071,68.62037818295514
601869.SH,2025-09-08,83.66,86.0,80.87,83.97,89.85,-5.88,-6.5442,251226.21,2067807.892,63.036663899846864,10.303496106922552,9.288679025926221,2.029634161992661,71.096,100.95023563354388,41.241764366456124,51.82994454713492,68.97076418711646,77.65795598418781,51.59638059297376
601869.SH,2025-09-09,84.0,90.58,80.0,88.71,83.97,4.74,5.6449,244516.87,2135575.838,65.99099470160905,10.185642717206704,9.46807176418232,1.43514190604877,72.73400000000001,102.683954327353,42.78404567264702,61.62037037037034,66.52063269328343,73.94550628242943,51.670885514991426
601869.SH,2025-09-10,91.81,93.0,83.5,87.61,88.71,-1.1,-1.24,240219.91,2097355.211,64.69863879636989,9.889482452133535,9.552353901772562,0.6742571007219453,74.253,103.97282510396941,44.53317489603059,44.76470588235294,59.26865665240513,69.05321551278833,39.69953893163873
601869.SH,2025-09-11,88.5,95.36,85.39,93.25,87.61,5.64,6.4376,285174.88,2616303.994,68.14346342117143,9.994661931610295,9.64081550774011,0.7076928477403719,76.27799999999999,105.34060943839052,47.21539056160947,77.94117647058823,65.49283017531066,67.86641917772674,60.74565217047851
601869.SH,2025-09-12,89.96,92.88,88.01,89.3,93.25,-3.95,-4.2359,232877.48,2093258.839,63.47192414848384,9.648068510327278,9.642266108257544,0.011604804139466296,78.08099999999999,105.55663276413263,50.60536723586735,54.70588235294116,61.89718080483716,65.87667168694827,53.93819904061496
601869.SH,2025-09-15,88.0,91.68,86.11,86.95,89.3,-2.35,-2.6316,173603.2,1529324.445,60.801350984874325,9.079107071882461,9.529634300982528,-0.9010544582001323,79.66,105.20183029340004,54.11816970659996,40.882352941176485,54.89223805847895,62.215192134416405,40.24632990660406
601869.SH,2025-09-16,88.0,95.65,85.85,95.65,86.95,8.7,10.0058,200047.36,1832388.481,66.43228756633525,9.223891049489708,9.468485650683965,-0.4891892023885127,81.481,106.0651351495764,56.89686485042359,92.0588235294118,67.28110002966832,63.903828614918375,74.03564285916822
601869.SH,2025-09-17,96.98,104.74,93.4,99.68,95.65,4.03,4.2133,301235.64,2965063.493,68.6769163321219,9.55369170374621,9.485526861296414,0.13632968489959296,83.386,107.37449232883412,59.39750767116587,79.54729183508493,71.36983066393701,66.39249647099754,81.32449904981593
601869.SH,2025-09-18,99.68,109.65,96.0,109.65,99.68,9.97,10.002,262449.54,2703307.58,73.41344009427185,10.498536185528422,9.688128726142816,1.620814918771213,86.049,109.23047708839988,62.86752291160013,100.0,80.91322049313888,71.23273846832205,100.27418454277253
601869.SH,2025-09-19,115.1,120.62,111.91,120.62,109.65,10.97,10.0046,247471.92,2931302.737,77.45336345573504,11.994257233243502,10.149354427562953,3.6898056113610984,89.131,113.51826147203234,64.74373852796766,100.0,87.27548035121002,76.58031957957445,108.66580189448115
601869.SH,2025-09-22,120.54,120.54,108.56,115.28,120.62,-5.34,-4.4271,319020.87,3588212.98,71.73878365768718,12.603448854863657,10.640173313023094,3.926551083681126,91.651,115.90257262399395,67.39942737600605,85.61422413793103,86.72172827881433,79.96078934980243,100.24360613683811
601869.SH,2025-09-23,115.3,120.0,110.01,117.27,115.28,1.99,1.7262,238427.62,2753957.717,72.55153661642018,13.095853129866754,11.131309276391828,3.9290877069498507,93.961,118.75358284670111,69.16841715329889,90.4910587567414,87.9781717734272,82.63325026509571,98.66801479009018
601869.SH,2025-09-24,112.3,113.59,105.6,110.3,117.27,-6.97,-5.9435,186723.58,2052214.311,65.45163111107999,12.776388067491794,11.460325034611824,2.632126065759941,95.7055,119.90489318508479,71.50610681491521,70.31924072476271,82.09186141771794,82.45278731113405,81.3700096308857
601869.SH,2025-09-25,107.35,112.95,105.04,108.08,110.3,-2.22,-2.0127,150415.75,1636417.382,63.32597636032066,12.203401046343387,11.608940236958137,1.1889216187705003,96.96199999999999,120.98172925917824,72.94227074082174,63.93442622950819,76.03938301742924,80.3149858417089,67.48817736886991
601869.SH,2025-09-26,106.45,110.8,103.0,103.0,108.08,-5.08,-4.7002,134058.58,1425609.453,58.63338594375737,11.210167328391307,11.529185655244772,-0.63803665370693,97.5495,121.55576012654139,73.5432398734586,49.32412999712396,67.13429867318938,75.9214233998773,49.56004921981352
601869.SH,2025-09-29,102.65,108.0,102.0,105.55,103.0,2.55,2.4757,112897.51,1185497.404,60.226637018441444,10.507660371837488,11.324880598563317,-1.6344404534516563,98.22800000000001,122.33831192358667,74.11768807641334,44.63629684055838,59.6349647266558,70.4926037990338,37.91968658189981
601869.SH,2025-09-30,105.54,106.2,99.72,100.84,105.55,-4.71,-4.4623,139120.76,1417285.919,55.94086712503837,9.46179127058494,10.952262732967641,-2.9809429247654045,99.131,122.13252205490149,76.12947794509851,19.65881397238019,46.309581139145195,62.431596203069816,14.065551011295952
601869.SH,2025-10-09,100.92,102.65,97.7,97.98,100.84,-2.86,-2.8362,118689.55,1178782.829,53.453465507401425,8.306403327773552,10.423090851928823,-4.233375048310542,99.477,122.17349646044434,76.78050353955567,1.2216404886562002,31.280267586912874,52.04781996104253,-10.25483716134643
601869.SH,2025-10-10,98.24,98.55,90.64,91.23,97.98,-6.75,-6.8892,156011.53,1463550.493,48.02579243104104,6.768063448616232,9.692085371266305,-5.848043845300147,99.7385,121.89529938410291,77.58170061589709,1.9732441471572018,21.51125977276428,41.868966541004106,-19.204153763715368
601869.SH,2025-10-13,86.15,89.87,86.15,88.6,91.23,-2.63,-2.8828,96391.51,849604.939,46.063206680420265,5.275881908551483,8.808844678723341,-7.0659255403437164,99.676,121.95694999392067,77.39505000607933,7.237813884785788,16.7534444764803,33.497125839699706,-16.733918249958506
601869.SH,2025-10-14,89.51,91.99,84.95,85.18,88.6,-3.42,-3.86,111262.92,985274.216,43.569791363206605,3.773849284186767,7.801845599816027,-8.05599263125852,99.7365,121.84377841565721,77.6292215843428,0.8030726256983379,11.436653859336078,26.14363517189004,-17.977308765771845
601869.SH,2025-10-15,86.06,86.68,83.0,86.01,85.18,0.83,0.9744,107645.97,913274.707,44.35699608837689,2.6202470937678584,6.765525898606394,-8.290557609677071,99.6015,122.02303314162675,77.17996685837325,10.050083472454107,10.97446373036285,21.087244687856497,-9.251098184624446
601869.SH,2025-10-16,85.78,87.88,85.1,85.66,86.01,-0.35,-0.4069,77901.15,673059.97,44.077760867732785,1.658647120148828,5.744150142914881,-8.171006045532106,99.504,122.1608157747872,76.84718422521281,9.568345323740996,10.505757594813733,17.560082321869874,-3.6028918592985484
601869.SH,2025-10-17,90.0,90.0,82.23,82.6,85.66,-3.06,-3.5723,144263.59,1214712.054,41.611390131568584,0.6422523018416371,4.723770574700232,-8.16303654571719,98.9715,122.72144849855943,75.22155150144059,1.4357780364764858,7.48243107533144,14.200865238649735,-5.954437251305151
601869.SH,2025-10-20,84.25,85.94,81.24,82.33,82.6,-0.27,-0.3269,128289.6,1072822.459,41.39131292860935,-0.18292600084167532,3.742431259591851,-7.850714520867053,98.623,123.16193928132684,74.08406071867317,4.366987179487191,6.4439497767083225,11.615226750801924,-3.8986041714788797
601869.SH,2025-10-21,82.49,90.56,81.54,87.98,82.33,5.65,6.8626,256899.04,2228778.391,47.632844665015796,-0.3766363405412534,2.91861773956523,-6.590508160212967,98.6745,123.1144125461441,74.2345874538559,31.48061653432978,14.789505362626976,12.67331962155596,19.021876844769007
601869.SH,2025-10-22,86.74,93.25,85.48,91.59,87.98,3.61,4.1032,224684.53,1995135.382,51.208201976719174,-0.23613434069856964,2.28766732351247,-5.047603328422079,98.4715,123.08402421880102,73.85897578119899,59.79202772963609,29.790346151683742,18.37899513212228,52.61304819080667
601869.SH,2025-10-23,89.93,89.93,83.38,85.48,91.59,-6.11,-6.671,172656.12,1478904.258,45.540848772809994,-0.6107708440617188,1.7079796899976323,-4.637501068118702,97.7615,123.03755171948991,72.48544828051008,35.30391340549548,31.62820190295871,22.795397389338014,49.29381093020011
601869.SH,2025-10-24,86.7,92.19,84.75,89.89,85.48,4.41,5.1591,194297.23,1730169.478,49.85458920197198,-0.5455342487586279,1.2572769022463803,-3.6056223020100164,96.7735,121.63427212248904,71.91272787751096,72.02331390507912,45.09323923702028,30.22801133886865,74.82369503332353
601869.SH,2025-10-27,91.5,95.0,90.64,93.38,89.89,3.49,3.8825,204852.16,1908645.178,53.02572436309661,-0.2098014832219235,0.9638612251527195,-2.3473254167492863,95.4115,117.61408332527549,73.20891667472452,88.22674418604647,59.47107422004427,39.9756989661923,98.46182472774822
601869.SH,2025-10-28,94.19,95.29,90.78,91.27,93.38,-2.11,-2.2596,149252.1,1384143.843,50.92877241164959,-0.11269117992995348,0.7485507441361849,-1.7224838481322768,94.211,114.39492054138796,74.02707945861204,71.38790035587184,63.44334959865627,47.79824917715546,94.7335504416579
601869.SH,2025-10-29,91.27,92.33,87.82,91.0,91.27,-0.27,-0.2958,136846.97,1229731.521,50.652733220291594,-0.056861840542467235,0.5874682272004546,-1.2886601354858436,92.89750000000001,109.9373478804678,75.85765211953222,69.46619217081849,65.45096378937795,53.68248738130076,88.98791660553232
601869.SH,2025-10-30,90.01,91.83,87.4,88.5,91.0,-2.5,-2.7473,101712.63,909216.593,48.05549649669147,-0.21190310637230425,0.4275939604859028,-1.2789941337164141,91.8075,106.82974298200953,76.78525701799047,51.672597864768676,60.858175147840086,56.074383303499815,70.42575883652063
601869.SH,2025-10-31,87.0,87.39,83.8,84.89,88.5,-3.61,-4.0791,110620.17,942026.955,44.506663483049415,-0.6189365413515446,0.21828786011841333,-1.6744488029399158,90.648,103.85159376916224,77.44440623083776,24.363636363636324,48.693328886436284,53.61403183113209,38.85192299704467
601869.SH,2025-11-03,84.01,85.68,82.9,85.06,84.89,0.17,0.2003,75422.01,636274.761,44.713718747740806,-0.917222719282833,-0.00881425576183592,-1.8168169270419943,89.751,101.80921301240934,77.69278698759067,17.433414043583507,38.27335727215057,48.50047364478661,17.819124526878483
601869.SH,2025-11-04,85.58,85.58,82.0,82.58,85.06,-2.48,-2.9156,58005.56,482205.843,42.23781193339971,-1.3383047935106873,-0.2747123633116062,-2.1271848603981622,88.60249999999999,98.50822588269851,78.69677411730147,4.364183596689225,26.970299380329074,41.323748889950295,-1.7365996389133613
601869.SH,2025-11-05,81.0,84.0,80.27,80.75,82.58,-1.83,-2.216,93347.14,758936.57,40.45757642240382,-1.7989439708286739,-0.5795586848150198,-2.438770572027308,87.598,96.27720830733483,78.91879169266517,3.1957390146471614,19.045445925101276,33.89764790165547,-10.658958028007106
601869.SH,2025-11-06,80.75,83.99,80.75,83.2,80.75,2.45,3.0341,93470.95,772057.673,43.86857688888384,-1.9439012297436022,-0.8524271938007364,-2.1829480718857317,86.85900000000001,94.23528033489451,79.4827196651055,19.507323568575266,19.199405139592614,28.998233647629316,-0.3982518764807921
601869.SH,2025-11-07,82.0,82.79,80.2,81.73,83.2,-1.47,-1.7668,69760.53,568249.317,42.3026941667252,-2.1525839684405668,-1.1124585487287026,-2.0802508394237282,86.384,93.79854729426894,78.96945270573106,10.139165009940362,16.179325096375113,24.72526413054156,-0.9125529719577798
601869.SH,2025-11-10,80.79,82.0,78.03,79.95,81.73,-1.78,-2.1779,87226.18,692371.589,40.42120263543499,-2.433545271198099,-1.376675893222582,-2.1137387559510343,85.95150000000001,93.81719172519448,78.08580827480554,13.42657342657344,15.261741206441206,21.570756489173288,2.643710640977041
601869.SH,2025-11-11,81.21,81.77,78.71,79.39,79.95,-0.56,-0.7004,75635.96,606934.715,39.82113448416811,-2.670611303031521,-1.6354629751843697,-2.0702966556943023,85.662,94.05573350215899,77.26826649784103,9.855072463768114,13.45951829221682,18.867010423520284,2.6445340296098934
601869.SH,2025-11-12,79.4,79.78,76.76,78.25,79.39,-1.14,-1.4359,62425.23,485990.374,38.565979877496005,-2.916852652154219,-1.8917409105783396,-2.050223483151759,85.274,94.29404644637373,76.25395355362627,14.016933207902122,13.645323264111923,17.126448037050466,6.683073718234837
601869.SH,2025-11-13,78.2,79.06,77.38,78.35,78.25,0.1,0.1278,55028.66,430152.505,38.74836152656633,-3.0685590920406014,-2.1271045468707923,-1.8829090903396182,84.90849999999999,94.44057168071652,75.37642831928346,17.825112107623195,15.03858621194902,16.430494095349886,12.254770445147287
601869.SH,2025-11-14,77.22,82.62,76.18,79.44,78.35,1.09,1.3912,150415.88,1199514.764,40.81100583934194,-3.0654965125551144,-2.3147829400076567,-1.5014271450949153,84.7505,94.54483665575765,74.95616334424236,34.68085106382972,21.58600782924261,18.14899867331429,28.46002614109925
601869.SH,2025-11-17,78.44,83.0,78.4,81.1,79.44,1.66,2.0896,127589.49,1029005.626,43.90890194422394,-2.895740970080112,-2.430974546022148,-0.9295328481159286,84.68900000000001,94.56245809414534,74.81554190585467,62.9156010230178,35.362538893834376,23.886845413488004,58.31392585452713
601869.SH,2025-11-18,80.31,83.46,78.62,81.2,81.1,0.1,0.1233,148378.71,1202668.366,44.098714213506014,-2.721764508368011,-2.4891325384913205,-0.4652639397533811,84.35,94.21326091054449,74.4867390894555,64.27656850192066,45.000548763196484,30.92474653005779,73.15215322947387
601869.SH,2025-11-19,81.44,86.5,80.18,83.68,81.2,2.48,3.0542,207696.68,1733886.202,48.73223473471726,-2.3566061465323855,-2.462627260099534,0.21204222713429655,83.9545,93.2110936101332,74.69790638986679,72.67441860465121,54.2251720436814,38.691555034599205,85.29240606184578
601869.SH,2025-11-20,86.0,86.58,78.0,78.41,83.68,-5.27,-6.2978,166592.22,1339632.38,40.96230188875911,-2.464056362797564,-2.4629130806391397,-0.0022865643168481498,83.601,93.14774460911046,74.05425539088954,21.44230769230761,43.29755059322347,40.22688688747399,49.43887800472244
601869.SH,2025-11-21,74.0,74.94,72.28,72.84,78.41,-5.57,-7.1037,108488.15,797925.562,34.67031279662359,-2.964491075110189,-2.5632286795333497,-0.8025247911536786,82.7485,92.95303000542302,72.543969994577,3.916083916083933,30.170395034176952,36.87472293637494,16.761739229780986
601869.SH,2025-11-24,74.2,75.42,72.7,73.64,72.84,0.8,1.0983,83485.72,615453.25,36.186441417099296,-3.258968515524799,-2.70237664673164,-1.1131837375863185,81.7615,91.44144840134132,72.08155159865868,9.510489510489508,23.28375985961447,32.34440191078808,5.162475757267259
601869.SH,2025-11-25,74.96,81.0,74.61,81.0,73.64,7.36,9.9946,94533.8,743367.604,48.11615755384755,-2.8654227094049247,-2.7349858592662972,-0.260873700277255,81.248,89.83166036508646,72.66433963491355,60.97902097902098,35.848846899416635,33.51255024033094,40.52144021758804
601869.SH,2025-11-26,83.0,89.1,82.33,85.64,81.0,4.64,5.7284,304203.11,2596842.901,53.959747012965884,-2.154292260628324,-2.618847139538703,0.9291097578207577,80.97999999999999,88.55736240737035,73.40263759262963,79.4292508917955,50.375648230209585,39.13358290362385,72.85977888338107
601869.SH,2025-11-27,85.47,93.48,84.76,87.3,85.64,1.66,1.9383,278525.28,2451651.587,55.874496788030896,-1.440166783545493,-2.383111068340061,1.8858885695891363,80.91999999999999,88.26199169880087,73.5780083011991,70.84905660377355,57.20011768806424,45.155761165103996,81.28883073398472
601869.SH,2025-11-28,85.0,90.96,84.5,87.08,87.3,-0.22,-0.252,199664.46,1733446.165,55.54479826943529,-0.881804466360407,-2.0828497479441306,2.402090563167447,81.02950000000001,88.67965163248404,73.37934836751599,69.81132075471696,61.40385204361515,50.57179145794106,83.06797321496333
601869.SH,2025-12-01,87.12,87.48,85.08,85.57,87.08,-1.51,-1.734,124769.16,1070471.947,53.223424180126095,-0.5547478991486088,-1.7772293781850264,2.444962958072835,81.05499999999999,88.76488565687606,73.34511434312392,62.68867924528298,61.83212777750443,54.32523689779552,76.84590953692225
601869.SH,2025-12-02,84.0,84.6,82.44,83.11,85.57,-2.46,-2.8748,108246.88,902738.108,49.587484577856294,-0.48842440177014623,-1.5194683829020506,2.0620879622638086,81.08149999999999,88.81705638797733,73.34594361202265,51.084905660377345,58.249720405128734,55.633398066906594,63.48236508157302
601869.SH,2025-12-03,83.57,85.4,82.67,83.02,83.11,-0.09,-0.1083,103528.01,869222.653,49.45437458862709,-0.43807494482952336,-1.303189695287545,1.7302295009160433,81.19500000000001,88.9765530854098,73.41344691459021,50.660377358490535,55.71993938958267,55.66224517446529,55.83532781981744
601869.SH,2025-12-04,81.56,83.68,80.6,82.64,83.02,-0.38,-0.4577,91786.74,755032.377,48.858025917290796,-0.42394844785521,-1.1273414458010782,1.4067859958917364,81.167,88.92216154095541,73.41183845904459,47.83445620789219,53.09144499568584,54.805311781538805,49.66371142397992
601869.SH,2025-12-05,82.4,84.93,80.78,83.63,82.64,0.99,1.198,114774.52,956932.715,50.53165496366369,-0.32907499925303796,-0.9676881564914702,1.2772263144768645,81.262,89.09238508161087,73.43161491838913,47.800741918388944,51.32787730325354,53.64616695544371,46.691297998873196
601869.SH,2025-12-08,83.65,91.5,83.64,88.31,83.63,4.68,5.5961,225761.05,1992249.252,57.59616706502219,0.1223395259965514,-0.7496826199938659,1.7440442919808345,81.67999999999999,90.08681928712129,73.2731807128787,59.86024844720499,54.17200101790402,53.82144497626382,54.87311310118443
601869.SH,2025-12-09,88.38,91.03,87.81,89.48,88.31,1.17,1.3249,195750.65,1752723.268,59.16616699315697,0.5679510255397275,-0.4861558908871473,2.1082138328537496,82.1845,91.20155862883173,73.16744137116827,68.944099378882,59.096033804896685,55.57964125247477,66.12881890974052
601869.SH,2025-12-10,88.93,98.43,87.57,98.43,89.48,8.95,10.0022,309788.71,2898314.319,68.7099849485428,1.624564581870814,-0.06401179633555498,3.3771527564127384,83.1935,94.5655271303155,71.8214728696845,100.0,72.73068920326445,61.296657236071326,95.5987531376507
601869.SH,2025-12-11,102.0,106.06,95.96,101.27,98.43,2.84,2.8853,331745.37,3387586.911,71.0242676437069,2.66043486581259,0.4808775360940741,4.359114659437032,84.33950000000002,98.0378924911687,70.64110750883133,81.18617439120187,75.54918426591026,66.04749957935097,94.55255363902884
601869.SH,2025-12-12,98.97,108.0,98.5,105.72,101.27,4.45,4.3942,274147.85,2843963.628,74.23936122267855,3.7966815570397614,1.1440383402832115,5.3052864335131,85.6535,102.1325588323485,69.1744411676515,91.67883211678833,80.92573354953628,71.00691090274607,100.76337884311667
601869.SH,2025-12-15,101.39,101.4,95.15,95.15,105.72,-10.57,-9.9981,208288.59,2009841.386,57.82645684673002,3.8004454141888147,1.6753197550643324,4.2502513182489645,86.356,103.21133543515472,69.50066456484527,53.10218978102193,71.6512189600315,71.22168025517455,72.51029636974542
601869.SH,2025-12-16,94.32,94.82,88.31,89.3,95.15,-5.85,-6.1482,203781.4,1848441.344,51.09382056104095,3.2934177192008605,1.9989393478916382,2.5889567426184446,86.761,103.48342981589016,70.03857018410983,31.751824817518255,58.35142091252709,66.93159380762539,41.19107512233049
601869.SH,2025-12-17,93.0,98.23,93.0,98.23,89.3,8.93,10.0,237789.84,2300456.884,58.95061668414614,3.5710066451311064,2.313352807339532,2.5153076755831485,87.4885,104.89841039609351,70.0785896039065,64.10727406318884,60.27003862941434,64.71107541488837,51.38796505846628
601869.SH,2025-12-18,102.0,108.05,102.0,108.05,98.23,9.82,9.9969,292925.31,3139669.428,65.51198805450804,4.531157437297182,2.7569137333310625,3.548487407932239,88.97049999999999,108.08884773195649,69.85215226804348,100.0,73.51335908627622,67.64516997201765,85.24973731479335
601869.SH,2025-12-19,110.0,118.78,105.0,115.5,108.05,7.45,6.895,375167.8,4262515.508,69.49562362279485,5.826077203953815,3.3707464274556136,4.9106615529964035,91.1035,112.07368361990758,70.13331638009241,89.49054790131368,78.83908869128871,71.37647621177467,93.76431365031678
601869.SH,2025-12-22,117.8,127.05,117.8,127.05,115.5,11.55,10.0,108060.91,1331941.101,74.42733664983896,7.695588961830623,4.235714934330616,6.919748055000014,93.774,118.62450663467472,68.92349336532529,100.0,85.89272579419247,76.2152260725806,105.2477252374162
601869.SH,2025-12-23,124.95,128.05,122.0,126.07,127.05,-0.98,-0.7713,267268.96,3346172.489,73.3438387885595,8.99443049336567,5.187458046137627,7.613944894456084,96.0275,123.98100566471732,68.07399433528269,95.01761449421234,88.93435536086577,80.45493583534233,105.89319441191265
601869.SH,2025-12-24,125.0,131.5,123.55,130.5,126.07,4.43,3.5139,225136.28,2895742.744,75.1079220015256,10.262931060883261,6.202552649086755,8.120756823593013,98.2705,129.69785950192403,66.84314049807595,97.68464922435749,91.85111998202967,84.25366388423811,107.0460321776128
601869.SH,2025-12-25,128.99,129.99,122.37,125.0,130.5,-5.5,-4.2146,202679.98,2529801.643,69.00231600369169,10.701067618785828,7.10225564302657,7.197623951518516,100.1555,133.28848466229084,67.02251533770918,84.95021995832369,89.55081997412769,86.01938258086797,96.61369476064712
601869.SH,2025-12-26,124.0,124.5,119.47,121.86,125.0,-3.14,-2.512,160494.2,1953629.347,65.71775458738772,10.671903182740422,7.816185150969341,5.711436063542163,101.8945,135.780248890865,68.00875110913498,77.68001852280621,85.59388615702052,85.87755043958549,85.0265575918906
601869.SH,2025-12-29,119.99,123.0,119.0,120.75,121.86,-1.11,-0.9109,112829.91,1358176.778,64.54805352656996,10.438889414525491,8.340726003680572,4.196326821689837,103.65350000000001,137.62351109337817,69.68348890662185,72.07792207792207,81.08856479732104,84.28122189216401,74.70325060763508
601869.SH,2025-12-30,119.02,124.0,119.01,119.3,120.75,-1.45,-1.2008,128937.58,1564255.688,62.97129744115658,10.021697551513498,8.676920313247159,2.6895544765326775,105.46300000000001,138.6724140742941,72.25358592570592,58.64406779661016,73.60706579708408,80.7231698604707,59.3748576703108
601869.SH,2025-12-31,120.54,121.0,115.55,116.36,119.3,-2.94,-2.4644,133297.73,1560707.471,59.78255216419752,9.346100535746118,8.810756357746952,1.0706883559983318,107.13,138.91244533667881,75.34755466332118,42.867924528301884,63.360685374156674,74.93567503169936,40.2107060590713
601869.SH,2026-01-05,118.0,118.37,113.45,115.19,116.36,-1.17,-1.0055,106598.1,1230580.885,58.512707507382004,8.616945032956878,8.771994092788937,-0.3100981196641186,108.75749999999998,138.52967554768438,78.98532445231558,9.639889196675872,45.45375331499641,65.10836779279838,6.144524359392477
601869.SH,2026-01-06,114.41,114.78,112.08,113.92,115.19,-1.27,-1.1025,109499.39,1240513.405,57.09503145397643,7.846160009028495,8.58682727603685,-1.4813345340167103,110.272,137.64737318178766,82.89662681821235,9.4747682801236,33.46075830337214,54.559164629656294,-8.736054349196166
601869.SH,2026-01-07,114.55,121.22,114.11,117.76,113.92,3.84,3.3708,220862.94,2593476.107,60.23241901408528,7.45917846596177,8.361297514021835,-1.8042380961201303,111.74450000000002,137.25023968427777,86.23876031572226,29.248197734294575,32.05657144701295,47.05830023544184,2.0531138701551725
601869.SH,2026-01-08,116.59,117.0,111.48,111.63,117.76,-6.13,-5.2055,161416.71,1822919.08,53.50609516210573,6.581980066511065,8.005434024519682,-2.8469079160172335,112.852,136.11186885060633,89.5921311493937,0.8103727714748321,21.641171888500242,38.58592411979464,-12.24833257408855
601869.SH,2026-01-09,110.0,113.62,108.89,112.03,111.63,0.4,0.3583,120111.77,1337314.002,53.868115413054525,5.85161687530028,7.574670594675801,-3.446107438751042,113.532,135.79022483109597,91.27377516890402,20.115310698270346,21.132551491756942,32.768133243782074,-2.138612012293322
601869.SH,2026-01-12,111.89,111.95,107.89,110.48,112.03,-1.55,-1.3836,114877.57,1262364.269,52.172849650221245,5.089063185601802,7.077549112861002,-3.9769718545184,113.99249999999999,135.55270981735706,92.43229018264293,16.0769708255742,19.447357936362696,28.327874807975615,1.686324193136862
601869.SH,2026-01-13,109.98,111.66,106.64,107.2,110.48,-3.28,-2.9689,111090.94,1206961.63,48.681474157480885,4.171973392412369,6.496433968771276,-4.648921152717815,114.06649999999999,135.51703970612976,92.61596029387022,3.2258064516129163,14.04017410811277,23.565307908021335,-5.01009349170436
601869.SH,2026-01-14,109.3,109.73,105.33,107.2,107.2,0.0,0.0,119807.06,1287592.55,48.68147415748089,3.4059118918518436,5.87832955338739,-4.944835323071093,114.66900000000001,134.49801425476895,94.83998574523108,11.768407803650122,13.282918673291888,20.137844829778185,-0.42693363968070486
601869.SH,2026-01-15,105.85,109.1,105.41,108.37,107.2,1.17,1.0914,100896.95,1083633.954,50.06391908911319,2.8602407801095353,5.274711798731819,-4.828942037244568,115.62249999999999,131.8158031967259,99.42919680327407,19.131529263687895,15.232455536757223,18.502715065437865,8.691936479395942
601869.SH,2026-01-16,111.1,116.86,111.1,114.4,108.37,6.03,5.5643,216227.32,2481447.953,56.55906570677165,2.881150982817303,4.795999635548916,-3.8296973054632257,116.431,130.4346204341306,102.42737956586939,57.07992448080558,29.18161185144001,22.062347327438584,43.42014089944286
601869.SH,2026-01-19,124.79,125.5,116.95,117.83,114.4,3.43,2.9983,234184.04,2834265.805,59.7649000687815,3.1383182244508134,4.464463353329295,-2.652290257756963,116.92,130.36317631639665,103.47682368360336,61.973227565691616,40.11215042285721,28.078948359244794,64.17855455008205
601869.SH,2026-01-20,118.0,122.23,112.56,118.4,117.83,0.57,0.4837,181365.96,2133054.58,60.28936228157557,3.34950830579389,4.241472343822214,-1.7839280760566485,117.06500000000001,130.5062460262018,103.62375397379822,64.79920674268719,48.341169196133876,34.83302197154115,75.35746364531933
601869.SH,2026-01-21,115.08,121.8,113.0,114.17,118.4,-4.23,-3.5726,176915.98,2068666.348,54.60132427341227,3.1393636879766973,4.021050612653111,-1.7633738493528277,116.421,129.05807810998797,103.78392189001202,43.82746653445713,46.836601642241625,38.83421519510798,62.84137453650892
601869.SH,2026-01-22,113.97,114.85,109.18,110.13,114.17,-4.04,-3.5386,121304.44,1342166.121,49.771531623088656,2.6166650422455433,3.7401734985715978,-2.247016912652109,115.624,127.69679743451277,103.55120256548722,23.797719385225566,39.15697422323627,38.94180153781741,39.58731959407399
601869.SH,2026-01-23,112.45,118.28,112.0,112.58,110.13,2.45,2.2246,175704.87,2019556.59,52.51470855953553,2.372765362060221,3.4666918712693224,-2.1878530184182026,114.72800000000002,124.61407015744552,104.84192984255452,35.94447198810114,38.08614014485789,38.65658107349757,36.94525828757854
601869.SH,2026-01-26,113.82,123.84,112.58,123.84,112.58,11.26,10.0018,143806.88,1749332.916,62.619108536153405,3.0528694261650458,3.3839273822484675,-0.6621159121668434,114.67,124.31294779127747,105.02705220872254,91.76995537927617,55.980745222997314,44.43130245666415,79.07963075566364
601869.SH,2026-01-27,123.0,128.0,115.6,126.6,123.84,2.76,2.2287,255686.32,3127450.03,64.60713653673363,3.7710948960344695,3.4613608850056683,0.6194680220576023,114.907,125.48195571721664,104.33204428278336,93.80256750774677,68.5880193179138,52.483541410414034,100.79697513291336
601869.SH,2026-01-28,139.26,139.26,128.2,135.3,126.6,8.7,6.872,293722.41,3955003.501,70.01970706665817,4.984848812359118,3.7660584704763584,2.4375806837655194,115.6345,129.4173245138284,101.8516754861716,86.8351063829788,74.67038167293548,59.87915483125452,104.25283535629738
601869.SH,2026-01-29,132.04,136.0,129.0,135.56,135.3,0.26,0.1922,211978.26,2813350.06,70.16654228652045,5.89972895976608,4.192792568334303,3.413872782863553,116.44749999999999,132.81634058524935,100.07865941475065,87.69946808510642,79.01341047699246,66.2572400465005,104.52575133797637
601869.SH,2026-01-30,132.99,149.12,131.67,149.12,135.56,13.56,10.003,220992.74,3157220.794,76.6027517998836,7.630991423292727,4.8804323393259885,5.501118167933477,118.0855,140.02577152833092,96.14522847166909,100.0,86.00894031799498,72.84114013699866,112.34454067998763
601869.SH,2026-02-02,151.0,164.03,151.0,158.99,149.12,9.87,6.6188,285672.01,4531123.094,79.98712475775189,9.687781200434188,5.841902111547628,7.691758177773119,120.27550000000001,148.76522444491906,91.78577555508096,90.81130355515043,87.60972806371346,77.76400277923693,107.3011786326665
601869.SH,2026-02-03,160.0,168.5,156.0,165.22,158.99,6.23,3.9185,219023.14,3543742.533,81.77875002134536,11.685804174542923,7.010682524146688,9.35024330079247,122.84049999999999,157.49195882856048,88.1890411714395,94.4706675657451,89.89670789772401,81.80823781873262,106.0736480557068
601869.SH,2026-02-04,163.19,175.36,162.74,173.51,165.22,8.29,5.0176,206471.08,3520243.632,83.850544794969,13.779345773351253,8.364415173987602,10.8298611987273,125.628,166.89636616969284,84.35963383030716,97.08017676767673,92.29119752104158,85.30255771950227,106.26847712412021
601869.SH,2026-02-05,164.83,169.2,157.0,161.76,173.51,-11.75,-6.7719,166028.23,2694834.854,71.45004734877882,14.325233398932141,9.556578818976512,9.53730915991126,128.1345,171.8405691798972,84.42843082010282,78.33705001592861,87.63981501933726,86.08164348611393,90.75615808578391
601869.SH,2026-02-06,160.65,177.94,160.65,174.77,161.76,13.01,8.0428,212138.65,3702162.143,75.72990067433409,15.627507368843851,10.77076452894998,9.713485679787741,131.2715,178.93754629580425,83.60545370419575,94.91498235482838,90.0648707978343,87.40938592335407,95.37584054679476
601869.SH,2026-02-09,181.3,192.25,171.23,192.25,174.77,17.48,10.0017,194695.52,3589992.34,80.0559024887263,17.864132190069938,12.189438061173973,11.34938825779193,135.35999999999999,189.1510601063829,81.5689398936171,100.0,93.37658053188954,89.3984507928659,101.33284000993683
601869.SH,2026-02-10,198.37,211.48,198.37,211.48,192.25,19.23,10.0026,155658.59,3239913.113,83.5332333441871,20.946910814220615,13.940932611783303,14.011956404874624,140.574,202.47642590263862,78.6715740973614,100.0,95.5843870212597,91.46042953566383,103.83230199245142
601869.SH,2026-02-11,208.08,225.87,208.08,218.26,211.48,6.78,3.206,203428.32,4459299.037,84.55566863058246,23.66433667856407,15.885613425139457,15.557446506849224,146.127,214.96112345326293,77.29287654673709,91.92144373673034,94.36340592641659,92.42808833258141,98.23404111408695
601869.SH,2026-02-12,221.0,229.77,210.15,227.0,218.26,8.74,4.0044,169564.87,3773093.912,85.78128426424043,26.22090296340795,17.95267133279316,16.536463261229585,152.0585,227.3367150006515,76.78028499934851,96.48343277897675,95.07008154393664,93.30875273636649,98.59273915907696
601869.SH,2026-02-13,225.0,226.99,211.2,213.39,227.0,-13.61,-5.9956,160419.42,3461357.082,75.70621397363132,26.839399021751063,19.73001687058474,14.218764302332644,157.00799999999998,234.83477812735356,79.18122187264642,77.79585197234645,89.31200502007324,91.97650349760208,83.98300806501558
601869.SH,2026-02-24,228.0,234.73,221.03,234.73,213.39,21.34,10.0005,119238.62,2735330.606,79.72687308448579,28.72044979086033,21.528103454639858,14.384692672440941,162.853,245.68866257165044,80.01733742834958,100.0,92.87467001338216,92.27589233619544,94.07222536775558
601869.SH,2026-02-25,240.0,244.88,218.51,228.55,234.73,-6.18,-2.6328,203469.1,4640757.119,75.81370488968054,29.373917489839243,23.097266261679735,12.553302456319017,168.3605,253.37031205905538,83.35068794094462,81.4178425125171,89.0557275130938,91.20250406182822,84.76217441562494
601869.SH,2026-02-26,233.0,248.88,233.0,236.2,228.55,7.65,3.3472,216253.48,5192177.527,77.29904386382093,30.16140451906955,24.510093913157696,11.302621211823705,174.462,260.60471526765537,88.31928473234461,85.62847104159582,87.91330868926114,90.10610560430587,83.52771485917168
601869.SH,2026-02-27,223.09,237.95,215.08,231.31,236.2,-4.89,-2.0703,198343.78,4468564.168,74.16373777316002,30.044576356568314,25.61699040183982,8.855171909456985,180.52100000000002,264.6344001215035,96.4075998784965,77.37282678686415,84.39981472179548,88.20400864346907,76.7914268784483
601869.SH,2026-03-02,227.62,254.44,224.65,242.42,231.31,11.11,4.8031,214676.64,5278706.821,76.49629366775324,30.49692379214065,26.59297707989999,7.807893424481321,187.01299999999998,269.0645111891378,104.96148881086215,78.56251114678079,82.45404686345725,86.28735471679846,74.78743115677483
601869.SH,2026-03-03,242.52,253.87,235.0,236.0,242.42,-6.42,-2.6483,184001.58,4484926.836,72.42709321839325,29.991647010413658,27.272711066002724,5.437871888821867,192.621,271.7731450053474,113.46885499465265,60.22433132010353,75.04414168233934,82.53961703864542,60.05319096972721
601869.SH,2026-03-04,226.87,245.77,224.0,228.27,236.0,-7.73,-3.2754,140351.19,3232836.713,67.75371477549294,28.637351560223948,27.54563916484697,2.1834247907539535,197.7045,271.90803814092527,123.5009618590747,40.912169790020336,63.666817718233006,76.24868393184128,38.50308529101645
601869.SH,2026-03-05,233.0,236.01,219.59,223.36,228.27,-4.91,-2.151,142938.77,3206240.649,64.88959206578645,26.85826137491611,27.4081636068608,-1.0998044638893774,202.10750000000002,270.9787589584836,133.23624104151648,28.122109158186916,51.81858153155097,68.10531646507785,19.245111664497216
601869.SH,2026-03-06,219.74,221.66,211.58,213.2,223.36,-10.16,-4.5487,137414.73,2949733.046,59.30317502136791,24.347825914918047,26.796096068472252,-4.89654030710841,205.9895,267.41727409711757,144.56172590288244,3.7797480167988255,35.80563702663358,57.33875665226309,-7.26060222462543
601869.SH,2026-03-09,204.78,211.91,196.12,211.91,213.2,-1.29,-0.6051,136859.37,2776506.907,58.61319833600157,22.000586441530203,25.836994143083846,-7.672815403107286,209.129,264.43160749539453,153.82639250460545,27.074759945130307,32.895344666132495,49.190952656886225,0.3041286846250273
601869.SH,2026-03-10,217.25,233.1,214.25,233.1,211.91,21.19,9.9995,170543.01,3800169.466,65.67739312706118,21.60123259267607,24.98984183300229,-6.777218480652444,212.8345,263.749025473687,161.91997452631293,63.40877914951988,43.06648949392829,47.14946493590025,34.900538609984366
601869.SH,2026-03-11,244.75,256.41,244.66,250.01,233.1,16.91,7.2544,246696.3,6231166.369,70.06808215506192,22.391126499212902,24.470098766244416,-4.157944534063027,217.074,265.3468697477623,168.80113025223775,89.38464090230546,58.50587329672069,50.934934389507056,73.64775111114794
601869.SH,2026-03-12,245.01,266.66,242.82,245.0,250.01,-5.01,-2.0039,196167.36,4947694.783,67.32033064539885,22.355161594086923,24.04711133181292,-3.3838994754519973,220.6485,265.827164398611,175.469835601389,69.29401757867873,62.10192139070671,54.65726338990694,76.99123739230625
601869.SH,2026-03-13,243.78,254.97,241.06,241.9,245.0,-3.1,-1.2653,159105.13,3922417.649,65.60594288485837,21.824930838286377,23.602675233107615,-3.5554887896424745,224.6555,261.24117592867617,188.06982407132378,64.89934788772325,63.03439688971222,57.44964122317537,74.20390822278593
601869.SH,2026-03-16,242.0,245.0,228.0,233.0,241.9,-8.9,-3.6792,152351.42,3564502.701,60.81739711914191,20.45081921094075,22.972304028674245,-5.042969635466989,227.567,255.7373891571165,199.39661084288352,52.28239296852847,59.45039558265097,58.116559343000574,62.11806806195176
601869.SH,2026-03-17,232.98,232.98,213.8,215.81,233.0,-17.19,-7.3777,166216.03,3644213.169,52.80109713279114,17.769896207055268,21.93182246435045,-8.323852514590364,228.74500000000003,252.2873215776055,205.20267842239457,27.913240714488225,48.938010626596714,55.05704310419929,36.699945671391575
601869.SH,2026-03-18,221.0,224.36,214.67,222.93,215.81,7.12,3.2992,137808.37,3026259.669,55.42202613992507,16.034929224443516,20.752443816369063,-9.435029183851093,229.31749999999997,251.6160634420511,207.01893655794885,38.00680464984405,45.2942753010125,51.802787169803686,32.27725156343011
601869.SH,2026-03-19,212.0,222.93,212.0,215.93,222.93,-7.0,-3.14,105390.1,2285693.391,52.344530861355864,13.934485813856583,19.388852215866567,-10.90873280401997,229.20100000000002,251.7655673801397,206.63643261986036,28.083356960589732,39.55730252087158,47.72095895349298,23.22998965562877
601869.SH,2026-03-20,222.3,233.6,215.08,216.88,215.93,0.95,0.44,205014.9,4588502.592,52.72817416487997,12.20582518375167,17.952246809443587,-11.492843251383832,228.69500000000002,251.91182919554194,205.4781708044581,8.927918038785206,29.347507693509456,41.59647520016514,4.849572680198094
601869.SH,2026-03-23,213.54,222.64,209.6,212.1,216.88,-4.78,-2.204,143246.45,3093159.037,50.524215591348685,10.331053178014173,16.428008083157707,-12.193909810287067,228.63049999999998,252.03278641551748,205.2282135844825,4.3813529617946,21.02545611627117,34.73946883886715,-6.402569328920791
601869.SH,2026-03-24,216.34,233.31,212.79,233.31,212.1,21.21,10.0,195169.51,4320966.944,58.76113557380699,10.436447724196881,15.229696011365544,-9.586496574337325,228.55949999999999,251.8923830307475,205.22661696925246,41.55275148966,27.867887907400775,32.44894186171169,18.70577999877895
601869.SH,2026-03-25,246.0,256.64,243.0,256.64,233.31,23.33,9.9996,216140.04,5462444.335,65.55421900221921,12.261170542725267,14.63599091763749,-4.749640749824444,229.96400000000003,256.46156008629004,203.46643991371005,100.0,51.911925271600516,38.9366029983413,77.86256981811894
601869.SH,2026-03-26,258.44,276.5,254.07,268.88,256.64,12.24,4.7693,216811.84,5743583.517,68.48713424273598,14.527478499774844,14.61428843406496,-0.17361986858023215,231.59799999999996,263.2448723656312,199.95112763436876,88.60986547085201,64.14457200468435,47.33925933378898,97.7551973464751
601869.SH,2026-03-27,258.0,279.66,252.25,274.26,268.88,5.38,2.0009,205661.85,5461666.609,69.70802446299139,16.566694380656685,15.004769623383307,3.1238495145467553,233.7455,270.69488129245167,196.79611870754832,92.29232086782753,73.52715495906541,56.06855787554779,108.44434912610068
601869.SH,2026-03-30,269.28,301.69,269.28,301.69,274.26,27.43,10.0015,149172.78,4346270.139,75.02154640887372,20.163724550798776,16.036560608866402,8.254327883864747,236.709,284.5035849828666,188.91441501713342,100.0,82.35143663937694,64.82951746349084,117.39527499114914
601869.SH,2026-03-31,300.0,320.0,287.01,309.49,301.69,7.8,2.5854,213010.14,6489851.046,76.29490315528358,23.374346768992154,17.504117840891553,11.740457856201203,240.3835,298.1982011990644,182.5687988009356,90.48007246376812,85.06098191417401,71.57333894705191,112.03626784841819
601869.SH,2026-04-01,320.0,320.0,291.0,308.0,309.49,-1.49,-0.4814,182900.81,5554795.109,75.50308475369829,25.504556805821835,19.104205633877612,12.800702343888446,244.36999999999998,309.23337706449445,179.5066229355055,89.13043478260869,86.41746620365222,76.52138136591869,106.2096358791193
601869.SH,2026-04-02,304.9,338.8,304.9,332.49,308.0,24.49,7.9513,192142.26,6337712.57,79.30485404267147,28.836492797003842,21.05066306650286,15.571659461001964,249.82649999999998,324.8180370032215,174.83496299677847,95.11609907120743,89.3170104928373,80.78659107489155,106.37784932872879
601869.SH,2026-04-03,339.13,363.63,330.0,352.5,332.49,20.01,6.0182,186518.75,6523095.991,81.7913869551886,32.714602273889966,23.383450907980283,18.662302731819366,256.7915,342.56088854614296,171.022111453857,92.62132060461417,90.41844719676293,83.997209782182,103.26092202592477
601869.SH,2026-04-07,351.5,368.0,346.0,357.1,352.5,4.6,1.305,172364.72,6114347.425,82.31736560080948,35.74714272132053,25.856189270648336,19.781906901344385,264.05100000000004,358.0121144429904,170.08988555700967,91.28000000000002,90.70563146450861,86.23335034295754,99.65019370761078
601869.SH,2026-04-08,362.2,365.1,341.5,362.1,357.1,5.0,1.4002,218782.97,7734318.439,82.89571852610374,38.1145502773266,28.30786147198399,19.61337761068522,270.501,372.85217501703994,168.14982498296,94.90280777537798,92.1046902347984,88.19046364023784,99.93314342391952
601869.SH,2026-04-09,354.86,398.31,353.0,398.31,362.1,36.21,10.0,214583.21,8098605.833,86.37204058533703,42.42354992630766,31.130999162848724,22.585101526917867,277.916,394.5129118305515,161.3190881694485,100.0,94.73646015653226,90.37246247900265,103.4644555115915
601869.SH,2026-04-10,392.0,396.53,370.0,384.38,398.31,-13.93,-3.4973,248832.68,9500278.889,79.66415853288161,44.2048624726454,33.74577182480806,20.918181295674685,284.885,409.5785361512179,160.19146384878204,89.20406107106874,92.89232712804441,91.21241736201658,96.25214666010007
601869.SH,2026-04-13,372.0,375.88,360.0,369.18,384.38,-15.2,-3.9544,230442.09,8425001.819,73.00187084264492,43.884182986469625,35.77345405714037,16.22145785865851,291.24899999999997,419.6424718622503,162.8555281377496,73.82749326145553,86.53738250584813,89.65407240996042,80.30400269762353
601869.SH,2026-04-14,369.99,376.76,360.01,364.5,369.18,-4.68,-1.2677,174593.79,6413161.413,71.03216042632556,42.75950039204167,37.17066332412063,11.177674135842082,297.82399999999996,427.12279527260785,168.5252047273921,68.4931506849315,80.5226385655426,86.6102611284878,68.34739343965217
601869.SH,2026-04-15,360.12,371.8,352.0,358.61,364.5,-5.89,-1.6159,170898.67,6192221.276,68.52617240264556,40.92119351159761,37.920769361616024,6.000848299963167,304.964,430.921718285899,179.00628171410102,57.49919708810622,72.8481580730638,82.02289344334646,54.49868733249846
601869.SH,2026-04-16,350.0,373.05,346.0,368.52,358.61,9.91,2.7634,180799.26,6539563.617,70.41723446379818,39.805127511117576,38.29764099151634,3.0149730392024736,312.2435,435.02731759910773,189.45968240089223,56.3899868247694,67.362100990299,77.13596262566398,47.81437771956905
601869.SH,2026-04-17,367.44,372.64,360.35,365.89,368.52,-2.63,-0.7137,152231.11,5564071.058,69.22843793057292,38.26729657044382,38.29157210730183,-0.04855107371602685,319.7415,435.89713013293584,203.5858698670641,42.932582291850004,59.218928090816,71.16361778071466,35.329548711018674
601869.SH,2026-04-20,374.23,401.98,374.23,385.0,365.89,19.11,5.2229,210116.04,8151820.599,72.8191546701487,38.15079316597928,38.263416319037326,-0.22524630611609098,328.1475,437.06812428547363,219.22687571452633,71.92460317460315,63.45415311874505,68.59379622672479,53.17486690278557
601869.SH,2026-04-21,377.3,386.66,360.52,381.58,385.0,-3.42,-0.8883,154608.24,5790020.755,71.21750163933784,37.35192818338197,38.081118691906255,-1.4583810170485663,336.6215,433.19917275482123,240.04382724517882,63.55841371918537,63.488906652225154,66.89216636855825,56.68238721955896
601869.SH,2026-04-22,382.29,417.96,382.29,412.0,381.58,30.42,7.9721,202628.63,8180956.317,76.22633642107883,38.727040482676045,38.21030305006021,1.0334748652316676,345.556,434.66453120006014,256.4474687999398,91.71762090050031,72.89847806831688,68.8942702684778,80.90689366799504
601869.SH,2026-04-23,411.2,422.88,381.5,385.02,412.0,-26.98,-6.5485,213285.66,8530146.002,65.36204795846827,37.21082316180758,38.010407072409684,-1.5991678212042046,351.975,432.16405306573637,271.7859469342637,50.75442247658687,65.51712620440686,67.76855558045416,61.01426745231228
601869.SH,2026-04-24,378.39,385.0,364.35,368.16,385.02,-16.86,-4.379,164064.62,6118799.352,59.641410144287015,34.25389137865636,37.25910393365902,-6.010425110005315,356.939,427.1390140650797,286.7389859349203,28.824141519250812,53.28613130935485,62.94108082342106,33.97623228122242
601869.SH,2026-04-27,378.0,394.0,374.09,377.5,368.16,9.34,2.5369,175410.34,6726492.688,61.644149392883556,32.2919204217298,36.26566723127318,-7.947493619086757,362.101,420.9714414795792,303.2305585204208,40.97294484911551,49.1817358226084,58.354632489816844,30.83594248819152
601869.SH,2026-04-28,370.51,381.16,368.0,373.49,377.5,-4.01,-1.0623,112319.14,4196142.921,60.26150474384967,30.066878556083907,35.02590949623533,-9.918061880302844,365.691,417.36746431608003,314.0145356839199,35.75702393340272,44.70683185953984,53.80536561305784,26.509764352503836
601869.SH,2026-04-29,365.0,375.99,358.1,370.52,373.49,-2.97,-0.7952,122974.47,4518087.12,59.20236197141151,27.744046569539876,33.56953691089624,-11.650980682712728,368.7425,413.1407085342777,324.34429146572234,19.172584130904546,36.19541594999475,47.93538239203681,12.715483065910618
601869.SH,2026-04-30,359.1,365.0,336.99,353.9,370.52,-16.62,-4.4856,207769.27,7244593.592,53.53227773395433,24.282180522309773,31.71206563317895,-14.859770221738351,371.0375,405.94644132183197,336.1285586781681,19.687972988706452,30.692934962898647,42.18789991565742,7.703005057381105
601869.SH,2026-05-06,362.0,370.0,353.5,361.05,353.9,7.15,2.0203,173788.92,6286263.257,55.506546605354174,21.863542673086044,29.742361041160372,-15.757636736148655,372.4655,402.76772883934717,342.16327116065287,28.012574222843178,29.799481382880156,38.058427071398334,13.281590005843796
601869.SH,2026-05-07,380.11,392.0,368.18,389.2,361.05,28.15,7.7967,202035.23,7725768.833,62.298180454969334,21.96502535334571,28.186893903597444,-12.44373710050347,374.3005,403.9498432784386,344.6511567215614,60.78705320759109,40.12867199111714,38.7485087113046,42.888998550742215
601869.SH,2026-05-08,373.38,405.0,373.0,397.23,389.2,8.03,2.0632,194561.88,7575673.697,63.98691097776017,22.434790697100766,27.03647326229811,-9.203365130394687,376.30699999999996,406.4820361095247,346.1319638904752,70.13622074746772,50.131188243234,42.54273522194774,65.30809428580653
601869.SH,2026-05-11,404.4,404.99,385.0,400.31,397.23,3.08,0.7754,193999.08,7699948.538,64.64111980511414,22.79287134309567,26.187752878457623,-6.789763070723907,378.21750000000003,409.42591915759897,347.0090808424011,93.10395530069108,64.45544392905303,49.84697145764951,93.67238887186006
601869.SH,2026-05-12,406.05,430.0,406.0,411.46,400.31,11.15,2.7853,178592.26,7451922.398,66.97966785106331,23.70312972564909,25.69082824789592,-3.975397044493654,378.875,412.33839681377833,345.41160318622167,80.06665949897858,69.65918245236155,56.45104178922019,96.07546377864425
601869.SH,2026-05-13,393.0,412.98,393.0,406.96,411.46,-4.5,-1.0937,138533.62,5614482.467,65.10810180312433,23.78719962963646,25.31010252424403,-3.0458057892151373,380.004,415.69865323370277,344.30934676629727,75.2284700569831,71.51561165390207,61.472565077447484,91.60170480681126
601869.SH,2026-05-14,410.82,419.68,398.72,404.7,406.96,-2.26,-0.5553,142030.67,5803734.204,64.13878991489678,23.401702265186316,24.92842247243249,-3.05344041449235,381.78,418.7199632405222,344.84003675947775,72.79862380389204,71.9432823705654,64.96280417515345,85.90423876138931
601869.SH,2026-05-15,400.01,404.7,366.66,374.45,404.7,-30.25,-7.4747,155275.76,5918609.602,52.80650353394499,20.41988293674035,24.026714565294064,-7.213663257107427,382.27750000000003,418.4985888702697,346.05641112973035,40.27523922158906,61.38726798757329,63.7709587792934,56.619886404133055
601869.SH,2026-05-18,368.0,401.99,367.5,399.48,374.45,25.03,6.6845,165299.08,6488808.575,59.225990902438106,19.847689640245733,23.190909580284398,-6.68643988007733,384.321,419.51699911474066,349.1250008852594,60.10457516339872,60.95970371284843,62.83387375714508,57.21136362425513
601869.SH,2026-05-19,395.49,398.98,376.99,397.9,399.48,-1.58,-0.3955,124501.34,4850579.365,58.68334815955874,19.047165665610407,22.3621607973496,-6.629990263478383,385.79,420.66016701091405,350.919832989086,49.32112409220076,57.080177172632546,60.91597489564091,49.40858172661582
601869.SH,2026-05-20,396.9,406.42,382.01,397.95,397.9,0.05,0.0126,129644.66,5122592.205,58.6962451624946,18.206901404393477,21.531108918758378,-6.648415028729801,387.393,421.3469130990444,353.43908690095554,49.400063151247195,54.5201391655041,58.78402965226197,45.992358191988345
601869.SH,2026-05-21,397.95,402.03,374.0,375.8,397.95,-22.15,-5.566,137435.0,5323180.02,51.08820598993922,15.574137081167748,20.339714551240252,-9.531154940145008,386.933,421.2705296294484,352.5954703705516,14.43005999368486,41.15677944156435,52.90827958202943,17.6537791606342
601869.SH,2026-05-22,380.0,389.98,375.86,388.66,375.8,12.86,3.422,100802.27,3872286.92,54.75498766571485,14.359815892530264,19.143734819498256,-9.567837853935984,387.287,421.53803861660845,353.0359613833915,34.73318598042312,39.01558162118394,48.2773802617476,20.491984340056618
601869.SH,2026-05-25,388.66,389.88,378.05,386.03,388.66,-2.63,-0.6767,108557.24,4154673.434,53.86561748121601,13.03497945251479,17.921983746101564,-9.774008587173547,385.98850000000004,418.2032741686553,353.7737258313448,36.53338362881923,38.1881822903957,44.91431427129697,24.735918328593158
601869.SH,2026-05-26,384.0,384.99,358.48,363.93,386.03,-22.1,-5.7249,149897.38,5477698.884,46.962693558019645,10.085492447345814,16.354685486350412,-12.538386078009196,384.93399999999997,418.6289488015259,351.23905119847404,8.905228758169919,28.427197779653778,39.41860877408258,6.4443757907961725
601869.SH,2026-05-27,362.99,375.0,360.07,366.1,363.93,2.17,0.5963,114706.95,4209160.458,47.671796702613776,7.832811831360516,14.650310755352434,-13.634997847983836,384.831,418.75366989245083,350.9083301075492,15.894868585732175,24.249754715013243,34.36232408772613,4.024615969587472
601869.SH,2026-05-28,360.66,373.0,351.37,370.55,366.1,4.45,1.2155,116443.5,4228194.963,49.17255646981983,6.333614062923402,12.986971416866629,-13.306714707886453,384.4835,418.8617031770833,350.10529682291667,34.84105358764759,27.780187672558025,32.16827861600343,19.004005785667218
601869.SH,2026-05-29,369.97,407.0,365.0,402.81,370.55,32.26,8.706,253336.92,9891327.972,58.47109807393963,7.660298272120315,11.921636787917368,-8.522677031594107,385.9495,420.8504410067767,351.0485589932233,92.46809275570736,49.34282270027447,37.893126644093776,72.24221481263585
601869.SH,2026-06-01,399.99,399.99,367.0,371.58,402.81,-31.23,-7.753,183223.4,6984984.727,49.10543664778617,6.1211443246577915,10.761538295265453,-9.280787941215323,386.00249999999994,420.80787277037587,351.197127229624,36.329318712924646,45.004988037824525,40.26374710867069,54.4874698961322
601869.SH,2026-06-02,373.11,408.74,368.58,408.74,371.58,37.16,10.0005,197540.83,7838952.148,57.77264915461288,7.809828333629866,10.171196302938336,-4.722735938616939,388.74449999999996,421.4803438509258,356.0086561490741,100.0,63.33665869188301,47.954717636408134,94.10054080283277
601869.SH,2026-06-03,423.0,449.61,420.99,444.99,408.74,36.25,8.8687,211772.45,9383791.868,64.18090259276195,11.935608359649166,10.524078714280503,2.8230592907373264,392.9415,431.6972622337172,354.18573776628284,95.29723127035831,73.99018288470812,56.633206052508136,108.70413654910807
601869.SH,2026-06-04,434.9,469.99,433.0,455.89,444.99,10.9,2.4495,190684.68,8763817.198,65.85866151227252,15.901554438614255,11.599573859147252,8.603961158934005,396.27599999999995,444.0929322135624,348.4590677864375,88.11330298431966,78.69788958457863,63.988100563198294,108.11746762733931
601869.SH,2026-06-05,455.95,487.1,436.01,441.67,455.89,-14.22,-3.1192,203174.67,9412681.118,61.79229055971928,17.693203880098338,12.818299863337469,9.749808033521738,398.498,450.4527165580972,346.54328344190276,66.5291387313048,74.64163930015401,67.53928014218353,88.84635761609499
601869.SH,2026-06-08,406.0,462.3,406.0,440.3,441.67,-1.37,-0.3102,189113.67,8228761.082,61.398957234256635,18.78599812764179,14.011839516198334,9.548317222886912,400.4975,455.72107157858755,345.27392842141245,65.5197819199882,71.60102017343208,68.89319348593305,77.01667354843013
601869.SH,2026-06-09,454.0,484.33,447.1,484.33,440.3,44.03,10.0,173081.72,8097716.96,68.36790497679328,22.940455180530307,15.79756264906473,14.285785062931154,404.14099999999996,470.83434912000416,337.44765087999576,97.95918367346937,80.3870746734445,72.72448721510354,95.71224959012645
601869.SH,2026-06-10,482.0,495.0,445.0,452.69,484.33,-31.64,-6.5327,179845.11,8371310.562,59.986883671257374,23.409953382303,17.320040795712387,12.179825173181229,406.4275,476.5739788852631,336.2810211147369,67.45384615384616,76.07599850024506,73.84165764348404,80.5446802137671
601869.SH,2026-06-11,443.68,459.96,431.1,442.51,452.69,-10.18,-2.2488,116595.93,5163895.556,57.54271588903046,22.69893398617279,18.39581943380447,8.606229104736641,408.318,480.2828936635125,336.3531063364875,58.99218749999999,70.38139483349671,72.6882367068216,65.76771108684696
601869.SH,2026-06-12,456.51,462.46,432.51,436.5,442.51,-6.01,-1.3582,149070.52,6630991.955,56.0897037653606,21.40375999790922,18.99740754662542,4.812704902567596,411.4205,482.58327367305725,340.25772632694276,53.72567631703845,64.82948866134396,70.06865402499572,54.35115793404043
601869.SH,2026-06-15,440.0,452.88,421.01,450.3,436.5,13.8,3.1615,146374.52,6454327.333,58.67035801840207,21.245959750718043,19.447117987443946,3.5976835265481952,413.9615,486.9352848459124,340.9877151540876,49.77528089887642,59.81141940718811,66.64957581905985,46.13510658344464
601869.SH,2026-06-16,450.31,474.99,447.0,464.1,450.3,13.8,3.0646,150030.29,6973395.676,61.130483599254674,21.98106257983352,19.953906905921862,4.054311347823315,417.2715,493.12641477676414,341.41658522323587,65.28089887640452,61.63457923026025,64.97791028945998,54.94791711186079
601869.SH,2026-06-17,452.01,464.69,445.38,460.5,464.1,-3.6,-0.7757,133681.18,6095028.482,60.12503682119835,22.019321917974423,20.366989908332375,3.304664019284097,420.399,498.0366281261432,342.7613718738568,61.23595505617978,61.50170450556676,63.81917502816224,56.86676346037579
601869.SH,2026-06-18,455.0,482.58,454.98,471.55,460.5,11.05,2.3996,158951.22,7461804.586,62.181181511950555,22.679846220871354,20.829561170840172,3.7005701000623645,425.18649999999997,503.05285927225873,347.3201407277412,73.65168539325843,65.55169813479732,64.39668273037394,67.86172894364407
601869.SH,2026-06-22,494.78,518.71,490.1,518.71,471.55,47.16,10.0011,84660.96,4335875.886,69.42700249810017,26.700942512646748,22.00383743920149,9.394210146890515,431.689,517.9772156740491,345.40078432595084,100.0,77.03446542319821,68.60927696131536,93.88484234696392
601869.SH,2026-06-23,555.0,570.58,539.46,570.58,518.71,51.87,9.9998,230562.1,12928875.317,75.08186779424081,33.68486761289654,24.3400434739405,18.689648277912077,440.9165,544.4029824684119,337.4300175315881,100.0,84.68964361546547,73.9693991793654,106.13013248766563
601869.SH,2026-06-24,558.2,594.0,553.18,580.0,570.58,9.42,1.651,189302.29,10782440.767,75.9518014448924,39.52418365881414,27.37687151091523,24.294624295797817,451.71999999999997,565.9246950827684,337.51530491723156,91.90704665009538,87.09544462700877,78.34474766191319,104.59683855719996
601869.SH,2026-06-25,598.0,600.0,565.0,575.0,580.0,-5.0,-0.8621,180120.2,10446669.334,74.46575954991015,43.2498679265978,30.551470794051745,25.39679426509211,462.1650000000001,581.4947927241128,342.8352072758874,86.0327392591765,86.74120950439801,81.1435682760748,97.93649196104445
601869.SH,2026-06-26,565.07,582.0,533.0,543.0,575.0,-32.0,-5.5652,155835.36,8604797.386,65.61715066282244,43.123268786809035,33.0658303926032,20.114876788411664,470.7875,587.1283207086346,354.4466792913654,68.15464551092239,80.54568817323947,80.94427490846302,79.74851470279239
601869.SH,2026-06-29,543.0,549.19,490.0,527.1,543.0,-15.9,-2.9282,142109.34,7409155.682,61.69435545106181,41.264272095671856,34.705518733216934,13.117506724909845,477.00200000000007,591.3144924056894,362.6895075943107,52.852153667054736,71.31451000451123,77.73435327381242,58.474823465908855
601869.SH,2026-06-30,540.0,549.9,522.69,545.9,527.1,18.8,3.5667,121728.21,6582570.769,64.40407277109801,40.83726019126891,35.93186702482733,9.810786332883154,485.718,592.5219584521727,378.9140415478273,65.01099469667571,69.21333823523273,74.89401492761918,57.851984850459814
601869.SH,2026-07-01,535.0,542.87,500.1,508.51,545.9,-37.39,-6.8492,135034.22,7040185.121,55.930065368190995,37.05464675971376,36.15642297180462,1.7964475758182772,490.70650000000006,591.5240177499624,389.88898225003777,36.91215004826919,58.44627550624488,69.41143512049442,36.5159562777458
601869.SH,2026-07-02,480.01,495.5,460.99,464.37,508.51,-44.14,-8.6803,118198.04,5621137.861,47.9149766338196,30.147645959951547,34.95466756943401,-9.614043218964923,491.6755,591.0044591471891,392.3465408528109,2.431479749658295,39.77467692071602,59.532515720568284,0.2589993210114869
601869.SH,2026-07-03,460.0,492.0,455.0,475.08,464.37,10.71,2.3064,124670.93,5929147.482,49.7949522554923,25.246974154326438,33.013128886412495,-15.532309464172116,492.63499999999993,590.8732130602137,394.3967869397861,13.848275862068954,31.132543234500332,50.0658582252123,-6.734086746923609
